epoch,train_loss,train_recon,train_kl,test_loss,test_recon,test_kl
1,268.7929471110026,257.61122553710936,11.181722042544683,231.6918520751953,226.6489709716797,5.04288199005127
2,225.05024435221355,221.3185566813151,3.7316873213450115,223.01830617675782,219.97471945800783,3.0435857566833495
3,219.0468908935547,216.5455014485677,2.5013895161946613,218.40786906738282,216.29723566894532,2.1106328531265257
4,215.8967043782552,214.07124889322915,1.8254554765065512,217.21530087890625,215.77788107910158,1.4374191776275635
5,213.748786328125,212.4803498860677,1.2684363302230834,215.47757739257813,214.41307233886718,1.0645050077438354
6,212.3097204752604,211.38692240397134,0.9227983503341675,213.8384778808594,212.98729885253906,0.8511785841941834
7,211.33022709960937,210.51395687662762,0.8162703162829081,213.2901444580078,212.46008635253907,0.8300570835113525
8,210.77038430175782,209.9845983561198,0.785785817527771,212.67867504882813,211.91851806640625,0.7601566291809082
9,210.21668714192708,209.4521333170573,0.7645535783131917,212.86578122558595,212.0881478515625,0.7776334303855896
10,209.77647446289063,209.02366420084635,0.7528104681332906,211.97237790527345,211.23073374023437,0.741644275188446
11,209.3628578531901,208.61422627766927,0.7486316066424052,212.301521875,211.56279174804686,0.7387294622421264
12,209.00674606933595,208.26310241699218,0.7436435913721721,212.2742323486328,211.50156003417968,0.7726724871635438
13,208.75489247233074,208.01426331380208,0.7406291736920675,211.64370895996095,210.88415830078125,0.7595500755310058
14,208.5440860921224,207.80212641601562,0.7419602154413859,211.3894751464844,210.6731146484375,0.7163616097450256
15,208.24325451660155,207.50338362630208,0.7398712788263957,211.10953303222655,210.36477216796874,0.7447604948043823
16,208.0326353434245,207.29414548339844,0.7384903597513834,211.5524393310547,210.82034536132812,0.7320939366340637
17,207.79927024739584,207.06076153971355,0.7385087340037028,211.10200590820313,210.3586444580078,0.7433610761642456
18,207.6233241048177,206.88361791178386,0.7397059637705485,211.8169518310547,211.08321079101563,0.7337403043746948
19,207.49256475423178,206.75250817871094,0.7400561276435852,211.06794245605468,210.32971611328125,0.7382263261795043
20,207.25576323242188,206.51576114095053,0.7400021340370179,210.8751089111328,210.1498967285156,0.725212486076355
21,207.06180458170573,206.32267260742188,0.739132244459788,210.73368911132812,209.996676171875,0.7370126111030578
22,206.947602351888,206.20748457845053,0.7401175141016643,210.50126970214845,209.78170791015626,0.7195618642807007
23,206.7803601155599,206.04097054036458,0.7393897175470988,210.67982668457032,209.93768220214844,0.7421453301429749
24,206.68297507324218,205.94330903320312,0.7396656267166137,210.49473117675782,209.76648056640624,0.7282511303901672
25,206.52982956542968,205.78892507324218,0.7409044737815857,210.60330454101563,209.84918564453125,0.7541190732002259
26,206.3570844889323,205.61684264322918,0.740241967010498,210.50898264160156,209.77514631347657,0.7338367471694947
27,206.24608290201823,205.5065372721354,0.7395455148696899,210.575969921875,209.85298012695313,0.7229894968032837
28,206.14902940266927,205.4081153157552,0.740913810412089,210.44797658691405,209.719516015625,0.7284612193107605
29,206.06713424479167,205.32596270345053,0.7411715253194173,210.70303049316405,209.97450212402345,0.7285282615661621
30,205.84709322102864,205.10755094401043,0.7395422201474507,210.34256586914063,209.59357114257813,0.7489945702552795
31,205.79905537923176,205.0589781656901,0.7400773611068726,210.3176826171875,209.60237861328125,0.7153041611671448
32,205.7083512044271,204.96813174641926,0.7402192726771036,210.66817111816405,209.9440150390625,0.7241559074401855
33,205.58559167480468,204.8461759765625,0.7394152948697408,210.396265234375,209.65431520996094,0.7419499667167664
34,205.50854000651043,204.7676605794271,0.7408788168271383,210.6169993408203,209.88327551269532,0.7337244468688965
35,205.39487772623698,204.65454362792968,0.7403341141064962,210.3406662597656,209.60651938476562,0.7341481708526612
36,205.34249021809896,204.60120293782552,0.7412867485364278,210.60404013671874,209.85794814453126,0.7460918484687805
37,205.25342548828124,204.51233022460937,0.7410956421852112,210.42237897949218,209.68273461914063,0.7396450138092041
38,205.14976577148437,204.4103319498698,0.7394333291053772,211.03735437011719,210.29621958007812,0.7411349617958068
39,205.04316875,204.30166700846354,0.7415012088775634,210.43776489257812,209.70578666992188,0.7319782596588135
40,204.99907321777343,204.25902244466147,0.7400509317715963,211.49526774902344,210.78428364257812,0.7109848839759827
41,204.8849199544271,204.14434243164064,0.7405777567545573,210.48852309570313,209.76945053710938,0.7190727910041809
42,204.85954396972656,204.1197530110677,0.7397909158388773,210.6261449951172,209.87685141601563,0.749293733215332
43,204.7775464029948,204.03677314453125,0.7407729872385661,210.33196911621093,209.58577053222658,0.7461986820220947
44,204.72085876464843,203.98104235839844,0.7398168334643046,210.38990512695312,209.65717578125,0.7327292478561401
45,204.64125191243488,203.90161551106772,0.7396363396644592,210.28964995117187,209.54482172851561,0.7448282041549683
46,204.56283348795574,203.8231867594401,0.7396465864817301,210.4045678466797,209.65523051757813,0.7493379027366638
47,204.5359306315104,203.79603126627603,0.739899255212148,210.67034780273437,209.93637377929687,0.7339732403755188
48,204.4513780517578,203.71144741210938,0.7399302469571432,210.4053373046875,209.6607807373047,0.7445561368942261
49,204.3782046061198,203.639773046875,0.7384313206672668,210.52777351074218,209.79379973144532,0.7339738065719604
50,204.33656943359375,203.5978682454427,0.7387009539286296,210.6168701171875,209.86921804199218,0.7476524779319763
51,204.29743098958335,203.55868494466145,0.7387460611661275,210.48119760742188,209.7535120361328,0.727685656452179
52,204.25317302246094,203.51369711914063,0.7394760268529256,210.60965212402343,209.88297563476561,0.7266766004562378
53,204.21147569173178,203.4710704752604,0.740405109500885,210.6372916748047,209.8919029296875,0.7453895091056824
54,204.12650486653646,203.38700362955728,0.7395010381380717,210.79167165527343,210.06861391601564,0.7230583139419555
55,204.12630633951824,203.38771940917968,0.7385871122360229,211.25268488769532,210.51454916992188,0.7381346447944641
56,204.07316245930988,203.33331162923176,0.7398508206049601,210.64728955078124,209.92059602050782,0.726693413066864
57,203.9841480794271,203.24547572428386,0.7386726353009542,210.5079872314453,209.76585751953124,0.7421295529365539
58,203.97644135742186,203.23761091308594,0.7388303752263387,210.58870187988282,209.8447359375,0.7439660504341126
59,203.92502549641927,203.1864689453125,0.7385566545168559,210.62567338867188,209.88452734375,0.7411458770751953
60,203.87122266438803,203.13234828287762,0.7388748788833618,210.87306293945312,210.1333947265625,0.7396688554763794
61,203.82909818522134,203.0902697591146,0.73882867380778,211.04111540527344,210.30048720703124,0.7406288836479187
62,203.8100212890625,203.07025533854167,0.7397657361984253,210.72577873535155,209.99608383789064,0.7296955396652222
63,203.7784136311849,203.03943185221354,0.7389815305709839,210.73349055175782,209.99736057128905,0.7361290260314941
64,203.71537421061197,202.97531438802082,0.74005982726415,210.7388787597656,210.0099867919922,0.7288915794372559
65,203.65611317545572,202.91683173828125,0.7392813970565796,210.93033093261718,210.19268117675782,0.737649019241333
66,203.64655333658854,202.9073227376302,0.7392302001635234,211.05055852050782,210.30998828125,0.7405700171470642
67,203.65114579264323,202.91146402994792,0.7396814392089843,210.82499357910157,210.08783681640625,0.7371573793411255
68,203.5618030110677,202.8230971110026,0.7387058636983236,210.86895822753905,210.12808369140626,0.7408736636161805
69,203.54947552897136,202.81049001464845,0.7389853300412496,210.9607920654297,210.22711044921874,0.7336816539764405
70,203.5118383544922,202.77250931803385,0.7393290918668111,210.90958413085937,210.1621934326172,0.7473909131050109
71,203.46746589355467,202.72823782552084,0.739228144868215,210.8650139160156,210.12177705078125,0.7432374773025513
72,203.47063896484374,202.73144587402345,0.7391930314064026,210.76953583984374,210.0343163574219,0.7352196338653565
73,203.4366505371094,202.69743111979167,0.7392189444859822,210.80101748046874,210.0718395263672,0.7291767055511474
74,203.39875786946615,202.65944551595052,0.7393123834292094,211.16795205078125,210.44603842773438,0.7219144058227539
75,203.37411958007812,202.63477101236978,0.739348593266805,211.07739240722657,210.3365177734375,0.7408748859405517
76,203.34288861490884,202.60337154947916,0.7395171484629313,211.20662124023437,210.47582646484375,0.7307943607330323
77,203.3081385579427,202.568593758138,0.7395448538144429,211.05370703125,210.31390126953124,0.7398061640739441
78,203.29317697753908,202.55371305338542,0.7394637943903605,211.04903967285156,210.31764182128907,0.7313984845161438
79,203.25975362955728,202.52062622070312,0.7391275141398111,210.8793092529297,210.15044252929687,0.7288657483100891
80,203.24146802571616,202.50133911132812,0.7401291918754578,210.9639488769531,210.2266759765625,0.7372729266166687
81,203.1886741373698,202.44951248372396,0.7391614996274313,211.15499157714845,210.41700732421876,0.737984178352356
82,203.1916514404297,202.4522607421875,0.7393906471252442,211.20381833496094,210.46263759765625,0.7411806328773498
83,203.15548784179688,202.41641943359375,0.7390682189305623,210.9803166748047,210.24627041015626,0.7340451627731324
84,203.12193392740886,202.38328506673176,0.7386484168370565,210.86171889648438,210.12722900390625,0.7344893858909607
85,203.1010500488281,202.36246829427083,0.7385815743764241,211.0676196044922,210.32599604492188,0.7416242083549499
86,203.06996354166668,202.33172783203125,0.7382356786410014,210.9419470703125,210.20670444335937,0.7352431076049805
87,203.06454283854166,202.3260315185547,0.7385113001823426,210.99934497070313,210.25699438476562,0.7423512321472168
88,203.03021052246095,202.29078321940105,0.7394269912083944,211.60610603027342,210.87189262695313,0.7342142394065857
89,203.0282084309896,202.28853865559896,0.7396694869995117,211.66157204589842,210.921555078125,0.740017744255066
90,203.00776856282553,202.26833451334636,0.7394341216723124,211.15359250488282,210.41486567382813,0.7387275478363037
91,202.95842279459634,202.21888146158855,0.7395413033485413,211.62956218261718,210.90122114257812,0.7283411673545838
92,202.9317508951823,202.192503523763,0.7392477362632751,211.29801723632812,210.57903208007812,0.7189854530334473
93,202.93165187988282,202.1922617919922,0.7393903337478638,211.21582082519532,210.49836645507813,0.7174543171882629
94,202.8949100830078,202.15479602864582,0.7401136228561401,211.19613024902344,210.47552431640625,0.7206060621261596
95,202.9040955891927,202.16441761067708,0.7396778986295064,211.38743815917968,210.65363559570312,0.7338020590782166
96,202.88311071777343,202.14351162923177,0.7395986927986145,211.44454995117187,210.70712321777344,0.7374263806343079
97,202.84885817057292,202.1092383951823,0.7396194681485494,211.32740456542967,210.59612028808593,0.7312836831092835
98,202.80380698242186,202.06479004720052,0.7390170173327129,211.1275615234375,210.39244270019532,0.7351192665100098
99,202.79701625976563,202.05767233072916,0.7393437964439392,211.1527694824219,210.42014633789063,0.7326228637695312
100,202.79846141764324,202.05847282714845,0.7399885467211406,211.60389921875,210.86282639160157,0.7410734134674072
